p_edge_creation,p_infected,gamma,beta,delta,epsilon,zeta,eta,N,elapsed_time,timesteps,events,timesteps_with_events,mean_outbreak_size,max_outbreak_size,max_outbreak_proportion,exposed_from_infected,exposed_from_dead,rewire_degree
0.002, 0.00136557, 0.06851662, 0.3151, 0.289, 0.2, 0.5, 0.083333, 5000, 60.960192, 151, 18988, 126, 1250.0, 2363, 0.4726, 4501, 495, 0.15
0.002, 0.00136557, 0.06851662, 0.3151, 0.289, 0.2, 0.5, 0.083333, 5000, 60.538198, 177, 18972, 137, 625.0, 1331, 0.2662, 4469, 523, 0.15
0.002, 0.00136557, 0.06851662, 0.3151, 0.289, 0.2, 0.5, 0.083333, 5000, 60.644887, 151, 18981, 132, 454.545454545, 1226, 0.2452, 4419, 570, 0.15
0.002, 0.00136557, 0.06851662, 0.3151, 0.289, 0.2, 0.5, 0.083333, 5000, 60.950495, 183, 19001, 129, 500.0, 940, 0.188, 4441, 549, 0.15
0.002, 0.00136557, 0.06851662, 0.3151, 0.289, 0.2, 0.5, 0.083333, 5000, 59.657955, 153, 18952, 126, 500.0, 1271, 0.2542, 4412, 578, 0.15
0.002, 0.00136557, 0.06851662, 0.3151, 0.289, 0.2, 0.5, 0.083333, 5000, 60.905522, 140, 18980, 132, 500.0, 1000, 0.2, 4503, 487, 0.15
0.002, 0.00136557, 0.06851662, 0.3151, 0.289, 0.2, 0.5, 0.083333, 5000, 59.698572, 155, 18956, 130, 714.285714286, 1590, 0.318, 4429, 564, 0.15
