p_edge_creation, p_infected, gamma, beta, delta, epsilon, zeta, eta, N, elapsed_time, timesteps, events, timesteps_with_events,mean_outbreak_size, max_outbreak_size, max_outbreak_proportion, exposed_from_infected, exposed_from_dead, rewire_degree
0.002, 0.00136557, 0.06851662, 0.1151, 0.589, 0.2, 0.5, 0.083333, 5000, 392.364754, 144, 19011, 129, 833.333333333, 1527, 0.3054, 2249, 2745, 0.5
0.00125, 0.00136557, 0.06851662, 0.1151, 0.589, 0.2, 0.5, 0.083333, 8000, 719.688289, 183, 30387, 143, 615.384615385, 2255, 0.281875, 3997, 3990, 0.25
